<server description="Intro REST Guide Liberty server">

  <featureManager>
      <feature>jaxrs-2.1</feature>
      <feature>jsonp-1.1</feature>
      <feature>cdi-2.0</feature>
  </featureManager>

  <httpEndpoint httpPort="${default.http.port}" httpsPort="${default.https.port}"
                id="defaultHttpEndpoint" host="*" />

  <webApplication location="rest.war" contextRoot="${app.context.root}"/>


  <cors domain="/"
  allowedOrigins="*"
  allowedMethods="GET, DELETE, POST, PUT"
  allowedHeaders="Accept, Accept-Language, Content-Language, Content-Type"
  allowCredentials="true"
  maxAge="3600" />

</server>
